{"cameraMode":{"drawMode":0,"name":"Shaded","section":"Shading Mode"},"sceneLighting":true,"audioPlay":false,"sceneViewState":{"showFog":false,"showMaterialUpdate":true,"showSkybox":true,"showFlares":true,"showImageEffects":true,"showParticleSystems":true},"in2DMode":false,"pivot":{"x":-0.06366448104381561,"y":0.5448662638664246,"z":-0.033235520124435428},"rotation":{"x":0.206847682595253,"y":-0.278186172246933,"z":0.06147850304841995,"w":0.9359815120697022},"size":0.27081966400146487,"orthographic":false}